algorithm,accuracy,f1,precision,recall,detection_rate
decision_tree,0.9990517226310546,0.9994817700061853,0.9998518794585477,0.9991119344550333,0.9991119344550333
k_nearest_neighbors,0.9144627593560454,0.9551355514196914,0.9184960854845535,0.9948196176543611,0.9948196176543611
logistic_regression,0.9691307311786607,0.9830242092463268,0.9896021831060877,0.9765331067015527,0.9765331067015527
multi_layer_perceptron,0.9152580887622577,0.9557543123117641,0.9152580887622577,1.0,1.0
naive_bayes,0.870610393469559,0.9248237322304061,0.9875770671901181,0.8695689539924754,0.8695689539924754
random_forest,0.9992003006519953,0.9995630424660642,0.9997611780608614,0.9993649853898894,0.9993649853898894
support_vector_machine,0.8904674089741125,0.9371673806831997,0.9865574514574635,0.8924867745077443,0.8924867745077443
