algorithm,accuracy,f1,precision,recall,detection_rate
random_forest,0.9244227979610525,0.960727340104772,0.9412031650948456,0.9810786868608682,0.9810786868608682
